cid,g,a,d,i,cl
B,F,1,1,43,0
B,F,1,2,13,0
B,F,1,4,100,1
B,F,1,5,79,0
B,F,1,6,118,1
B,F,1,7,119,2
B,F,1,8,39,0
B,F,1,9,91,0
B,F,1,10,110,1
B,F,1,11,172,2
B,F,1,12,158,0
B,F,1,13,189,2
B,F,1,14,257,3
B,F,1,15,206,2
B,F,1,16,166,0
B,F,1,17,254,0
B,F,1,18,298,0
B,F,1,19,348,0
B,F,1,20,394,2
B,F,1,21,157,2
B,F,1,22,269,3
B,F,1,23,213,0
B,F,1,24,228,3
B,F,1,25,203,2
B,F,1,26,224,2
B,F,1,27,210,0
B,F,1,28,127,1
B,F,1,29,134,2
B,F,1,30,1,0
B,F,2,1,35,0
B,F,2,2,10,0
B,F,2,4,113,1
B,F,2,5,98,0
B,F,2,6,138,2
B,F,2,7,129,0
B,F,2,8,46,0
B,F,2,9,130,0
B,F,2,10,115,0
B,F,2,11,185,0
B,F,2,12,158,0
B,F,2,13,203,0
B,F,2,14,250,2
B,F,2,15,196,3
B,F,2,16,174,0
B,F,2,17,245,3
B,F,2,18,317,3
B,F,2,19,339,1
B,F,2,20,428,1
B,F,2,21,160,1
B,F,2,22,295,3
B,F,2,23,196,0
B,F,2,24,196,1
B,F,2,25,221,3
B,F,2,26,201,1
B,F,2,27,166,0
B,F,2,28,128,2
B,F,2,29,128,3
B,F,3,1,29,0
B,F,3,2,11,0
B,F,3,4,114,1
B,F,3,5,76,3
B,F,3,6,107,1
B,F,3,7,85,1
B,F,3,8,35,0
B,F,3,9,104,0
B,F,3,10,106,1
B,F,3,11,172,3
B,F,3,12,161,1
B,F,3,13,164,0
B,F,3,14,207,1
B,F,3,15,138,1
B,F,3,16,140,0
B,F,3,17,244,1
B,F,3,18,241,3
B,F,3,19,302,2
B,F,3,20,352,4
B,F,3,21,124,0
B,F,3,22,237,1
B,F,3,23,164,2
B,F,3,24,157,0
B,F,3,25,151,1
B,F,3,26,246,1
B,F,3,27,172,1
B,F,3,28,109,1
B,F,3,29,114,2
B,F,4,1,39,1
B,F,4,2,5,0
B,F,4,4,93,0
B,F,4,5,83,0
B,F,4,6,106,1
B,F,4,7,108,1
B,F,4,8,35,0
B,F,4,9,101,1
B,F,4,10,110,0
B,F,4,11,183,2
B,F,4,12,144,0
B,F,4,13,161,0
B,F,4,14,198,0
B,F,4,15,160,0
B,F,4,16,176,0
B,F,4,17,218,3
B,F,4,18,286,2
B,F,4,19,289,2
B,F,4,20,365,4
B,F,4,21,156,3
B,F,4,22,271,1
B,F,4,23,165,0
B,F,4,24,201,0
B,F,4,25,188,0
B,F,4,26,226,1
B,F,4,27,142,0
B,F,4,28,94,0
B,F,4,29,110,0
B,F,4,30,2,0
B,F,5,1,80,1
B,F,5,2,11,0
B,F,5,4,137,1
B,F,5,5,135,1
B,F,5,6,174,2
B,F,5,7,188,1
B,F,5,8,52,0
B,F,5,9,180,2
B,F,5,10,199,1
B,F,5,11,293,3
B,F,5,12,248,2
B,F,5,13,293,1
B,F,5,14,347,2
B,F,5,15,275,2
B,F,5,16,254,1
B,F,5,17,394,3
B,F,5,18,489,1
B,F,5,19,506,4
B,F,5,20,628,2
B,F,5,21,243,2
B,F,5,22,494,3
B,F,5,23,306,0
B,F,5,24,323,1
B,F,5,25,327,4
B,F,5,26,397,4
B,F,5,27,267,1
B,F,5,28,175,1
B,F,5,29,178,3
B,F,5,30,2,0
B,F,6,1,127,0
B,F,6,2,20,1
B,F,6,4,293,4
B,F,6,5,243,2
B,F,6,6,316,5
B,F,6,7,325,0
B,F,6,8,104,1
B,F,6,9,353,0
B,F,6,10,346,2
B,F,6,11,554,2
B,F,6,12,472,1
B,F,6,13,473,1
B,F,6,14,664,2
B,F,6,15,534,3
B,F,6,16,494,9
B,F,6,17,691,2
B,F,6,18,886,6
B,F,6,19,970,3
B,F,6,20,1130,7
B,F,6,21,451,5
B,F,6,22,830,2
B,F,6,23,546,3
B,F,6,24,552,6
B,F,6,25,541,2
B,F,6,26,666,2
B,F,6,27,501,1
B,F,6,28,325,6
B,F,6,29,352,3
B,F,6,30,4,0
B,F,U,1,261,3
B,F,U,2,52,2
B,F,U,4,568,1
B,F,U,5,509,4
B,F,U,6,723,4
B,F,U,7,634,4
B,F,U,8,256,0
B,F,U,9,695,3
B,F,U,10,739,4
B,F,U,11,1110,6
B,F,U,12,941,0
B,F,U,13,1101,10
B,F,U,14,1304,10
B,F,U,15,1101,7
B,F,U,16,983,4
B,F,U,17,1432,16
B,F,U,18,1729,8
B,F,U,19,1909,11
B,F,U,20,2250,13
B,F,U,21,833,5
B,F,U,22,1700,7
B,F,U,23,1061,12
B,F,U,24,1193,7
B,F,U,25,1126,7
B,F,U,26,1403,8
B,F,U,27,949,6
B,F,U,28,681,6
B,F,U,29,779,7
B,F,U,30,5,0
B,M,1,1,21,0
B,M,1,2,6,0
B,M,1,4,56,0
B,M,1,5,46,1
B,M,1,6,69,0
B,M,1,7,61,0
B,M,1,8,21,0
B,M,1,9,72,0
B,M,1,10,69,0
B,M,1,11,104,0
B,M,1,12,90,0
B,M,1,13,101,0
B,M,1,14,126,1
B,M,1,15,111,1
B,M,1,16,106,0
B,M,1,17,124,0
B,M,1,18,178,1
B,M,1,19,190,0
B,M,1,20,214,5
B,M,1,21,82,0
B,M,1,22,170,0
B,M,1,23,94,0
B,M,1,24,106,0
B,M,1,25,114,0
B,M,1,26,121,0
B,M,1,27,102,1
B,M,1,28,57,0
B,M,1,29,63,0
B,M,2,1,25,0
B,M,2,2,6,0
B,M,2,4,54,0
B,M,2,5,48,0
B,M,2,6,69,2
B,M,2,7,51,1
B,M,2,8,28,0
B,M,2,9,75,1
B,M,2,10,62,2
B,M,2,11,96,2
B,M,2,12,104,1
B,M,2,13,108,1
B,M,2,14,131,2
B,M,2,15,101,1
B,M,2,16,90,0
B,M,2,17,142,1
B,M,2,18,196,0
B,M,2,19,193,2
B,M,2,20,257,3
B,M,2,21,86,1
B,M,2,22,160,1
B,M,2,23,90,0
B,M,2,24,122,0
B,M,2,25,115,1
B,M,2,26,139,0
B,M,2,27,103,2
B,M,2,28,72,1
B,M,2,29,69,0
B,M,2,30,1,0
B,M,3,1,13,0
B,M,3,2,6,0
B,M,3,4,60,0
B,M,3,5,48,0
B,M,3,6,49,0
B,M,3,7,54,0
B,M,3,8,14,0
B,M,3,9,53,0
B,M,3,10,71,0
B,M,3,11,77,1
B,M,3,12,83,1
B,M,3,13,105,1
B,M,3,14,104,1
B,M,3,15,98,1
B,M,3,16,93,0
B,M,3,17,127,1
B,M,3,18,142,0
B,M,3,19,164,0
B,M,3,20,195,0
B,M,3,21,67,1
B,M,3,22,167,4
B,M,3,23,96,0
B,M,3,24,106,1
B,M,3,25,95,1
B,M,3,26,126,0
B,M,3,27,92,0
B,M,3,28,64,0
B,M,3,29,66,1
B,M,3,30,1,0
B,M,4,1,24,0
B,M,4,2,1,0
B,M,4,4,64,0
B,M,4,5,42,0
B,M,4,6,57,0
B,M,4,7,63,1
B,M,4,8,15,0
B,M,4,9,52,0
B,M,4,10,59,0
B,M,4,11,85,0
B,M,4,12,66,0
B,M,4,13,87,0
B,M,4,14,116,2
B,M,4,15,112,0
B,M,4,16,72,0
B,M,4,17,118,0
B,M,4,18,133,1
B,M,4,19,162,0
B,M,4,20,190,1
B,M,4,21,75,2
B,M,4,22,136,1
B,M,4,23,106,0
B,M,4,24,112,1
B,M,4,25,111,1
B,M,4,26,122,0
B,M,4,27,77,1
B,M,4,28,61,0
B,M,4,29,68,0
B,M,5,1,40,0
B,M,5,2,8,0
B,M,5,4,90,0
B,M,5,5,86,1
B,M,5,6,108,0
B,M,5,7,84,0
B,M,5,8,32,0
B,M,5,9,99,1
B,M,5,10,106,1
B,M,5,11,137,0
B,M,5,12,146,2
B,M,5,13,174,2
B,M,5,14,192,1
B,M,5,15,142,0
B,M,5,16,145,1
B,M,5,17,219,0
B,M,5,18,267,1
B,M,5,19,302,2
B,M,5,20,339,0
B,M,5,21,145,0
B,M,5,22,268,3
B,M,5,23,138,0
B,M,5,24,168,2
B,M,5,25,190,0
B,M,5,26,197,1
B,M,5,27,133,0
B,M,5,28,110,0
B,M,5,29,127,0
B,M,5,30,2,0
B,M,6,1,73,0
B,M,6,2,15,0
B,M,6,4,181,3
B,M,6,5,139,1
B,M,6,6,182,3
B,M,6,7,151,2
B,M,6,8,57,0
B,M,6,9,178,1
B,M,6,10,186,3
B,M,6,11,310,3
B,M,6,12,216,4
B,M,6,13,306,4
B,M,6,14,341,1
B,M,6,15,286,2
B,M,6,16,280,2
B,M,6,17,355,3
B,M,6,18,443,4
B,M,6,19,568,2
B,M,6,20,639,2
B,M,6,21,249,0
B,M,6,22,454,0
B,M,6,23,294,2
B,M,6,24,349,3
B,M,6,25,323,4
B,M,6,26,356,2
B,M,6,27,280,2
B,M,6,28,190,2
B,M,6,29,179,1
B,M,U,1,139,0
B,M,U,2,24,0
B,M,U,4,306,2
B,M,U,5,285,2
B,M,U,6,366,1
B,M,U,7,340,2
B,M,U,8,120,0
B,M,U,9,366,1
B,M,U,10,381,3
B,M,U,11,638,5
B,M,U,12,514,2
B,M,U,13,574,4
B,M,U,14,702,4
B,M,U,15,622,6
B,M,U,16,539,1
B,M,U,17,789,6
B,M,U,18,929,1
B,M,U,19,1058,2
B,M,U,20,1257,8
B,M,U,21,505,3
B,M,U,22,914,6
B,M,U,23,580,5
B,M,U,24,658,5
B,M,U,25,654,8
B,M,U,26,769,3
B,M,U,27,548,3
B,M,U,28,396,2
B,M,U,29,410,2
B,M,U,30,4,0
B,U,1,1,30,0
B,U,1,2,9,0
B,U,1,4,87,0
B,U,1,5,94,1
B,U,1,6,103,1
B,U,1,7,91,0
B,U,1,8,41,0
B,U,1,9,116,2
B,U,1,10,123,1
B,U,1,11,181,1
B,U,1,12,144,0
B,U,1,13,211,0
B,U,1,14,203,2
B,U,1,15,184,3
B,U,1,16,141,1
B,U,1,17,229,2
B,U,1,18,263,3
B,U,1,19,323,1
B,U,1,20,371,1
B,U,1,21,144,0
B,U,1,22,264,2
B,U,1,23,203,2
B,U,1,24,165,1
B,U,1,25,187,2
B,U,1,26,277,3
B,U,1,27,156,2
B,U,1,28,105,0
B,U,1,29,119,1
B,U,1,30,1,0
B,U,2,1,38,2
B,U,2,2,9,0
B,U,2,4,72,0
B,U,2,5,91,0
B,U,2,6,127,1
B,U,2,7,108,0
B,U,2,8,31,0
B,U,2,9,124,1
B,U,2,10,131,1
B,U,2,11,185,0
B,U,2,12,155,2
B,U,2,13,202,1
B,U,2,14,265,4
B,U,2,15,178,2
B,U,2,16,174,2
B,U,2,17,240,4
B,U,2,18,292,4
B,U,2,19,315,2
B,U,2,20,392,6
B,U,2,21,161,1
B,U,2,22,290,2
B,U,2,23,177,1
B,U,2,24,196,0
B,U,2,25,190,2
B,U,2,26,237,0
B,U,2,27,161,0
B,U,2,28,112,0
B,U,2,29,135,1
B,U,2,30,1,0
B,U,3,1,28,0
B,U,3,2,5,0
B,U,3,4,82,3
B,U,3,5,55,0
B,U,3,6,109,1
B,U,3,7,89,0
B,U,3,8,25,1
B,U,3,9,98,2
B,U,3,10,101,1
B,U,3,11,160,0
B,U,3,12,143,2
B,U,3,13,160,2
B,U,3,14,195,1
B,U,3,15,157,0
B,U,3,16,140,1
B,U,3,17,197,3
B,U,3,18,239,0
B,U,3,19,284,0
B,U,3,20,335,6
B,U,3,21,152,0
B,U,3,22,264,4
B,U,3,23,164,0
B,U,3,24,176,2
B,U,3,25,175,1
B,U,3,26,200,2
B,U,3,27,157,0
B,U,3,28,105,0
B,U,3,29,107,1
B,U,4,1,39,1
B,U,4,2,4,0
B,U,4,4,102,1
B,U,4,5,76,1
B,U,4,6,122,1
B,U,4,7,77,1
B,U,4,8,31,0
B,U,4,9,97,0
B,U,4,10,108,0
B,U,4,11,174,1
B,U,4,12,140,2
B,U,4,13,148,2
B,U,4,14,205,1
B,U,4,15,165,1
B,U,4,16,163,1
B,U,4,17,195,1
B,U,4,18,269,1
B,U,4,19,278,1
B,U,4,20,348,1
B,U,4,21,134,1
B,U,4,22,295,1
B,U,4,23,182,1
B,U,4,24,164,0
B,U,4,25,184,2
B,U,4,26,198,1
B,U,4,27,121,0
B,U,4,28,102,0
B,U,4,29,110,0
B,U,5,1,60,0
B,U,5,2,8,0
B,U,5,4,155,0
B,U,5,5,166,2
B,U,5,6,172,1
B,U,5,7,167,2
B,U,5,8,60,0
B,U,5,9,178,0
B,U,5,10,194,0
B,U,5,11,303,1
B,U,5,12,245,0
B,U,5,13,269,3
B,U,5,14,311,2
B,U,5,15,277,0
B,U,5,16,264,2
B,U,5,17,411,1
B,U,5,18,472,0
B,U,5,19,499,4
B,U,5,20,614,2
B,U,5,21,222,0
B,U,5,22,424,2
B,U,5,23,255,3
B,U,5,24,281,2
B,U,5,25,323,1
B,U,5,26,360,1
B,U,5,27,239,1
B,U,5,28,160,1
B,U,5,29,206,1
B,U,6,1,115,0
B,U,6,2,25,0
B,U,6,4,284,2
B,U,6,5,246,2
B,U,6,6,337,3
B,U,6,7,293,2
B,U,6,8,107,1
B,U,6,9,329,3
B,U,6,10,335,0
B,U,6,11,555,5
B,U,6,12,433,2
B,U,6,13,458,1
B,U,6,14,646,9
B,U,6,15,502,3
B,U,6,16,457,5
B,U,6,17,674,4
B,U,6,18,826,1
B,U,6,19,887,5
B,U,6,20,1056,8
B,U,6,21,401,3
B,U,6,22,764,4
B,U,6,23,501,4
B,U,6,24,538,2
B,U,6,25,527,3
B,U,6,26,658,7
B,U,6,27,447,5
B,U,6,28,319,3
B,U,6,29,367,0
B,U,6,30,3,0
B,U,U,1,221,1
B,U,U,2,45,0
B,U,U,4,580,3
B,U,U,5,498,2
B,U,U,6,610,1
B,U,U,7,591,5
B,U,U,8,230,1
B,U,U,9,659,8
B,U,U,10,662,4
B,U,U,11,983,8
B,U,U,12,890,7
B,U,U,13,1018,8
B,U,U,14,1286,9
B,U,U,15,1055,5
B,U,U,16,926,5
B,U,U,17,1311,4
B,U,U,18,1586,8
B,U,U,19,1818,10
B,U,U,20,2191,16
B,U,U,21,880,2
B,U,U,22,1603,11
B,U,U,23,1013,6
B,U,U,24,1187,11
B,U,U,25,1045,3
B,U,U,26,1284,6
B,U,U,27,927,9
B,U,U,28,596,3
B,U,U,29,674,2
B,U,U,30,4,0
D,F,1,1,4,0
D,F,1,2,2,0
D,F,1,4,10,0
D,F,1,5,6,0
D,F,1,6,10,0
D,F,1,7,10,0
D,F,1,8,5,0
D,F,1,9,18,0
D,F,1,10,15,0
D,F,1,11,20,0
D,F,1,12,22,0
D,F,1,13,15,0
D,F,1,14,19,0
D,F,1,15,18,0
D,F,1,16,23,0
D,F,1,17,29,0
D,F,1,18,27,0
D,F,1,19,34,0
D,F,1,20,51,1
D,F,1,21,21,0
D,F,1,22,24,0
D,F,1,23,17,0
D,F,1,24,24,0
D,F,1,25,19,0
D,F,1,26,23,0
D,F,1,27,21,0
D,F,1,28,16,1
D,F,1,29,18,1
D,F,2,1,8,0
D,F,2,2,2,0
D,F,2,4,11,0
D,F,2,5,6,0
D,F,2,6,14,0
D,F,2,7,17,0
D,F,2,8,7,0
D,F,2,9,7,0
D,F,2,10,7,0
D,F,2,11,21,0
D,F,2,12,24,0
D,F,2,13,15,0
D,F,2,14,27,0
D,F,2,15,30,0
D,F,2,16,23,0
D,F,2,17,22,0
D,F,2,18,14,1
D,F,2,19,33,0
D,F,2,20,43,0
D,F,2,21,19,0
D,F,2,22,37,1
D,F,2,23,19,0
D,F,2,24,28,0
D,F,2,25,19,0
D,F,2,26,31,0
D,F,2,27,25,0
D,F,2,28,10,0
D,F,2,29,12,1
D,F,3,1,4,0
D,F,3,4,14,0
D,F,3,5,10,0
D,F,3,6,8,0
D,F,3,7,12,0
D,F,3,8,4,0
D,F,3,9,7,0
D,F,3,10,12,0
D,F,3,11,23,0
D,F,3,12,10,0
D,F,3,13,13,0
D,F,3,14,26,0
D,F,3,15,16,0
D,F,3,16,11,2
D,F,3,17,35,1
D,F,3,18,23,0
D,F,3,19,26,0
D,F,3,20,39,0
D,F,3,21,10,0
D,F,3,22,25,0
D,F,3,23,16,0
D,F,3,24,16,0
D,F,3,25,26,0
D,F,3,26,29,0
D,F,3,27,18,0
D,F,3,28,14,0
D,F,3,29,8,0
D,F,4,1,3,0
D,F,4,2,1,0
D,F,4,4,8,0
D,F,4,5,10,0
D,F,4,6,12,0
D,F,4,7,15,0
D,F,4,8,3,0
D,F,4,9,12,0
D,F,4,10,18,0
D,F,4,11,15,0
D,F,4,12,19,0
D,F,4,13,21,0
D,F,4,14,17,0
D,F,4,15,10,0
D,F,4,16,17,0
D,F,4,17,18,0
D,F,4,18,20,0
D,F,4,19,34,0
D,F,4,20,32,1
D,F,4,21,21,0
D,F,4,22,30,0
D,F,4,23,15,0
D,F,4,24,21,0
D,F,4,25,22,0
D,F,4,26,25,0
D,F,4,27,21,0
D,F,4,28,9,1
D,F,4,29,3,0
D,F,5,1,5,0
D,F,5,2,1,0
D,F,5,4,10,0
D,F,5,5,16,0
D,F,5,6,12,0
D,F,5,7,20,0
D,F,5,8,5,0
D,F,5,9,17,0
D,F,5,10,17,0
D,F,5,11,25,0
D,F,5,12,31,0
D,F,5,13,40,0
D,F,5,14,44,0
D,F,5,15,22,0
D,F,5,16,24,0
D,F,5,17,39,0
D,F,5,18,56,0
D,F,5,19,63,0
D,F,5,20,54,0
D,F,5,21,26,0
D,F,5,22,41,0
D,F,5,23,32,0
D,F,5,24,35,0
D,F,5,25,22,0
D,F,5,26,35,0
D,F,5,27,24,0
D,F,5,28,21,0
D,F,5,29,16,0
D,F,6,1,10,0
D,F,6,2,8,0
D,F,6,4,35,0
D,F,6,5,22,0
D,F,6,6,35,0
D,F,6,7,21,0
D,F,6,8,16,0
D,F,6,9,31,0
D,F,6,10,44,1
D,F,6,11,73,1
D,F,6,12,49,0
D,F,6,13,55,0
D,F,6,14,75,2
D,F,6,15,52,0
D,F,6,16,46,0
D,F,6,17,82,0
D,F,6,18,87,0
D,F,6,19,87,0
D,F,6,20,113,0
D,F,6,21,50,0
D,F,6,22,87,0
D,F,6,23,49,0
D,F,6,24,57,0
D,F,6,25,58,0
D,F,6,26,88,0
D,F,6,27,57,1
D,F,6,28,34,0
D,F,6,29,28,0
D,F,U,1,19,0
D,F,U,2,3,0
D,F,U,4,56,0
D,F,U,5,65,1
D,F,U,6,71,0
D,F,U,7,55,0
D,F,U,8,18,0
D,F,U,9,69,0
D,F,U,10,87,1
D,F,U,11,105,0
D,F,U,12,94,1
D,F,U,13,118,0
D,F,U,14,127,2
D,F,U,15,115,0
D,F,U,16,94,0
D,F,U,17,153,1
D,F,U,18,163,0
D,F,U,19,214,0
D,F,U,20,234,0
D,F,U,21,93,0
D,F,U,22,167,0
D,F,U,23,94,1
D,F,U,24,131,1
D,F,U,25,144,0
D,F,U,26,147,2
D,F,U,27,102,0
D,F,U,28,65,0
D,F,U,29,84,0
D,M,1,2,1,0
D,M,1,4,5,0
D,M,1,5,4,0
D,M,1,6,9,0
D,M,1,7,10,0
D,M,1,8,2,0
D,M,1,9,7,0
D,M,1,10,9,0
D,M,1,11,11,0
D,M,1,12,6,0
D,M,1,13,7,0
D,M,1,14,22,0
D,M,1,15,12,0
D,M,1,16,13,0
D,M,1,17,18,0
D,M,1,18,26,0
D,M,1,19,24,0
D,M,1,20,27,0
D,M,1,21,3,0
D,M,1,22,13,0
D,M,1,23,4,0
D,M,1,24,10,0
D,M,1,25,13,1
D,M,1,26,17,0
D,M,1,27,6,0
D,M,1,28,12,0
D,M,1,29,9,0
D,M,2,1,2,0
D,M,2,2,1,0
D,M,2,4,5,0
D,M,2,5,6,0
D,M,2,6,4,0
D,M,2,7,5,0
D,M,2,8,2,0
D,M,2,9,8,0
D,M,2,10,13,1
D,M,2,11,7,0
D,M,2,12,12,0
D,M,2,13,11,0
D,M,2,14,15,0
D,M,2,15,7,0
D,M,2,16,12,0
D,M,2,17,15,0
D,M,2,18,20,0
D,M,2,19,19,0
D,M,2,20,14,0
D,M,2,21,10,0
D,M,2,22,14,0
D,M,2,23,17,0
D,M,2,24,6,0
D,M,2,25,10,0
D,M,2,26,18,0
D,M,2,27,6,0
D,M,2,28,5,0
D,M,2,29,4,0
D,M,3,1,4,0
D,M,3,4,8,0
D,M,3,5,1,0
D,M,3,6,4,0
D,M,3,7,3,0
D,M,3,8,5,0
D,M,3,9,8,0
D,M,3,10,9,0
D,M,3,11,9,0
D,M,3,12,6,0
D,M,3,13,8,0
D,M,3,14,17,0
D,M,3,15,12,0
D,M,3,16,11,0
D,M,3,17,9,0
D,M,3,18,9,0
D,M,3,19,15,0
D,M,3,20,15,0
D,M,3,21,5,0
D,M,3,22,8,0
D,M,3,23,7,0
D,M,3,24,9,0
D,M,3,25,4,0
D,M,3,26,10,0
D,M,3,27,3,0
D,M,3,28,4,0
D,M,3,29,6,0
D,M,4,1,3,0
D,M,4,2,1,0
D,M,4,4,2,0
D,M,4,5,4,0
D,M,4,6,7,0
D,M,4,7,5,0
D,M,4,8,1,0
D,M,4,9,10,0
D,M,4,10,6,0
D,M,4,11,10,0
D,M,4,12,5,0
D,M,4,13,15,0
D,M,4,14,12,1
D,M,4,15,15,0
D,M,4,16,9,0
D,M,4,17,12,0
D,M,4,18,17,0
D,M,4,19,20,0
D,M,4,20,17,0
D,M,4,21,9,0
D,M,4,22,12,0
D,M,4,23,10,0
D,M,4,24,12,0
D,M,4,25,7,0
D,M,4,26,15,0
D,M,4,27,5,0
D,M,4,28,6,0
D,M,4,29,7,0
D,M,5,1,2,0
D,M,5,4,12,0
D,M,5,5,8,0
D,M,5,6,8,0
D,M,5,7,7,0
D,M,5,8,3,0
D,M,5,9,7,0
D,M,5,10,11,0
D,M,5,11,12,0
D,M,5,12,9,0
D,M,5,13,14,0
D,M,5,14,13,0
D,M,5,15,20,0
D,M,5,16,18,0
D,M,5,17,19,0
D,M,5,18,30,0
D,M,5,19,33,0
D,M,5,20,35,0
D,M,5,21,8,0
D,M,5,22,27,1
D,M,5,23,18,0
D,M,5,24,30,0
D,M,5,25,18,0
D,M,5,26,23,0
D,M,5,27,19,0
D,M,5,28,3,0
D,M,5,29,7,0
D,M,6,1,5,0
D,M,6,4,13,0
D,M,6,5,12,0
D,M,6,6,17,0
D,M,6,7,15,0
D,M,6,8,13,0
D,M,6,9,29,0
D,M,6,10,31,0
D,M,6,11,33,0
D,M,6,12,32,0
D,M,6,13,28,0
D,M,6,14,31,1
D,M,6,15,31,0
D,M,6,16,24,0
D,M,6,17,32,0
D,M,6,18,51,0
D,M,6,19,56,0
D,M,6,20,69,1
D,M,6,21,19,0
D,M,6,22,40,2
D,M,6,23,35,0
D,M,6,24,38,1
D,M,6,25,32,0
D,M,6,26,41,0
D,M,6,27,38,0
D,M,6,28,18,0
D,M,6,29,16,0
D,M,U,1,13,0
D,M,U,2,2,0
D,M,U,4,35,0
D,M,U,5,26,0
D,M,U,6,25,0
D,M,U,7,35,0
D,M,U,8,14,0
D,M,U,9,36,0
D,M,U,10,52,0
D,M,U,11,75,0
D,M,U,12,64,0
D,M,U,13,65,0
D,M,U,14,88,0
D,M,U,15,74,0
D,M,U,16,47,1
D,M,U,17,70,0
D,M,U,18,105,2
D,M,U,19,104,0
D,M,U,20,146,0
D,M,U,21,48,1
D,M,U,22,92,0
D,M,U,23,68,0
D,M,U,24,84,0
D,M,U,25,85,0
D,M,U,26,73,0
D,M,U,27,69,0
D,M,U,28,32,0
D,M,U,29,38,0
D,M,U,30,1,0
D,U,1,1,4,0
D,U,1,2,2,0
D,U,1,4,14,1
D,U,1,5,7,0
D,U,1,6,12,1
D,U,1,7,11,0
D,U,1,8,3,0
D,U,1,9,12,1
D,U,1,10,12,0
D,U,1,11,13,0
D,U,1,12,17,0
D,U,1,13,20,0
D,U,1,14,18,0
D,U,1,15,12,0
D,U,1,16,23,0
D,U,1,17,17,0
D,U,1,18,24,0
D,U,1,19,31,0
D,U,1,20,31,0
D,U,1,21,13,0
D,U,1,22,26,2
D,U,1,23,16,1
D,U,1,24,26,0
D,U,1,25,18,0
D,U,1,26,20,0
D,U,1,27,13,0
D,U,1,28,8,0
D,U,1,29,7,0
D,U,2,1,6,0
D,U,2,4,9,0
D,U,2,5,9,0
D,U,2,6,6,0
D,U,2,7,9,0
D,U,2,8,8,1
D,U,2,9,8,0
D,U,2,10,13,0
D,U,2,11,21,0
D,U,2,12,20,0
D,U,2,13,18,0
D,U,2,14,26,1
D,U,2,15,33,0
D,U,2,16,19,0
D,U,2,17,29,1
D,U,2,18,22,0
D,U,2,19,40,0
D,U,2,20,31,0
D,U,2,21,22,0
D,U,2,22,28,0
D,U,2,23,16,0
D,U,2,24,27,0
D,U,2,25,18,0
D,U,2,26,32,0
D,U,2,27,23,0
D,U,2,28,21,0
D,U,2,29,12,0
D,U,3,1,5,0
D,U,3,2,3,0
D,U,3,4,10,0
D,U,3,5,5,0
D,U,3,6,15,0
D,U,3,7,6,0
D,U,3,8,4,0
D,U,3,9,9,0
D,U,3,10,7,0
D,U,3,11,16,0
D,U,3,12,16,0
D,U,3,13,11,0
D,U,3,14,16,0
D,U,3,15,20,0
D,U,3,16,13,0
D,U,3,17,22,0
D,U,3,18,24,1
D,U,3,19,32,0
D,U,3,20,42,0
D,U,3,21,17,0
D,U,3,22,31,1
D,U,3,23,12,0
D,U,3,24,16,1
D,U,3,25,16,1
D,U,3,26,23,0
D,U,3,27,18,0
D,U,3,28,10,0
D,U,3,29,9,0
D,U,4,1,11,0
D,U,4,4,9,0
D,U,4,5,9,0
D,U,4,6,13,0
D,U,4,7,5,0
D,U,4,8,5,0
D,U,4,9,9,0
D,U,4,10,6,0
D,U,4,11,22,0
D,U,4,12,15,0
D,U,4,13,15,0
D,U,4,14,27,0
D,U,4,15,14,0
D,U,4,16,10,0
D,U,4,17,18,0
D,U,4,18,23,0
D,U,4,19,34,1
D,U,4,20,41,0
D,U,4,21,13,0
D,U,4,22,26,0
D,U,4,23,11,0
D,U,4,24,16,0
D,U,4,25,25,0
D,U,4,26,17,0
D,U,4,27,19,0
D,U,4,28,11,0
D,U,4,29,14,0
D,U,5,1,4,0
D,U,5,2,1,0
D,U,5,4,14,0
D,U,5,5,15,0
D,U,5,6,15,0
D,U,5,7,23,0
D,U,5,8,3,0
D,U,5,9,22,0
D,U,5,10,20,0
D,U,5,11,30,1
D,U,5,12,25,0
D,U,5,13,33,0
D,U,5,14,29,0
D,U,5,15,34,1
D,U,5,16,29,0
D,U,5,17,42,0
D,U,5,18,42,0
D,U,5,19,65,0
D,U,5,20,75,0
D,U,5,21,23,0
D,U,5,22,52,0
D,U,5,23,32,0
D,U,5,24,26,0
D,U,5,25,28,1
D,U,5,26,35,0
D,U,5,27,31,0
D,U,5,28,13,0
D,U,5,29,19,0
D,U,6,1,12,2
D,U,6,2,1,0
D,U,6,4,29,0
D,U,6,5,30,0
D,U,6,6,36,1
D,U,6,7,36,0
D,U,6,8,17,0
D,U,6,9,31,1
D,U,6,10,33,0
D,U,6,11,59,1
D,U,6,12,35,0
D,U,6,13,49,0
D,U,6,14,60,0
D,U,6,15,49,0
D,U,6,16,54,1
D,U,6,17,64,0
D,U,6,18,106,0
D,U,6,19,104,0
D,U,6,20,119,2
D,U,6,21,42,1
D,U,6,22,77,2
D,U,6,23,62,0
D,U,6,24,62,0
D,U,6,25,55,0
D,U,6,26,67,0
D,U,6,27,57,0
D,U,6,28,33,0
D,U,6,29,39,0
D,U,6,30,1,0
D,U,U,1,19,0
D,U,U,2,7,0
D,U,U,4,57,0
D,U,U,5,56,0
D,U,U,6,65,0
D,U,U,7,83,0
D,U,U,8,33,0
D,U,U,9,72,0
D,U,U,10,70,0
D,U,U,11,109,0
D,U,U,12,91,0
D,U,U,13,112,0
D,U,U,14,122,0
D,U,U,15,93,1
D,U,U,16,98,0
D,U,U,17,146,0
D,U,U,18,177,1
D,U,U,19,161,1
D,U,U,20,210,1
D,U,U,21,91,0
D,U,U,22,173,2
D,U,U,23,115,0
D,U,U,24,108,1
D,U,U,25,114,1
D,U,U,26,143,0
D,U,U,27,96,1
D,U,U,28,71,0
D,U,U,29,68,0
DI,F,1,1,74,1
DI,F,1,2,19,0
DI,F,1,4,183,0
DI,F,1,5,167,0
DI,F,1,6,185,1
DI,F,1,7,181,0
DI,F,1,8,63,1
DI,F,1,9,200,2
DI,F,1,10,223,1
DI,F,1,11,342,0
DI,F,1,12,253,1
DI,F,1,13,326,2
DI,F,1,14,407,6
DI,F,1,15,293,1
DI,F,1,16,296,2
DI,F,1,17,427,2
DI,F,1,18,468,3
DI,F,1,19,562,2
DI,F,1,20,687,2
DI,F,1,21,282,1
DI,F,1,22,496,2
DI,F,1,23,331,0
DI,F,1,24,323,1
DI,F,1,25,362,5
DI,F,1,26,384,1
DI,F,1,27,300,2
DI,F,1,28,195,0
DI,F,1,29,214,1
DI,F,1,30,2,0
DI,F,2,1,73,0
DI,F,2,2,14,1
DI,F,2,4,196,0
DI,F,2,5,151,1
DI,F,2,6,215,3
DI,F,2,7,190,0
DI,F,2,8,67,0
DI,F,2,9,195,1
DI,F,2,10,208,0
DI,F,2,11,356,5
DI,F,2,12,284,0
DI,F,2,13,313,2
DI,F,2,14,397,2
DI,F,2,15,316,0
DI,F,2,16,274,1
DI,F,2,17,434,2
DI,F,2,18,492,3
DI,F,2,19,604,4
DI,F,2,20,697,4
DI,F,2,21,303,0
DI,F,2,22,503,0
DI,F,2,23,331,1
DI,F,2,24,408,1
DI,F,2,25,313,1
DI,F,2,26,444,0
DI,F,2,27,326,1
DI,F,2,28,222,2
DI,F,2,29,224,0
DI,F,3,1,58,1
DI,F,3,2,15,0
DI,F,3,4,147,1
DI,F,3,5,131,0
DI,F,3,6,186,0
DI,F,3,7,150,0
DI,F,3,8,57,0
DI,F,3,9,174,2
DI,F,3,10,203,0
DI,F,3,11,268,2
DI,F,3,12,239,0
DI,F,3,13,268,2
DI,F,3,14,350,0
DI,F,3,15,280,2
DI,F,3,16,257,0
DI,F,3,17,353,3
DI,F,3,18,450,0
DI,F,3,19,495,2
DI,F,3,20,606,2
DI,F,3,21,249,1
DI,F,3,22,418,1
DI,F,3,23,280,1
DI,F,3,24,350,2
DI,F,3,25,326,2
DI,F,3,26,351,0
DI,F,3,27,300,0
DI,F,3,28,170,1
DI,F,3,29,180,0
DI,F,3,30,1,0
DI,F,4,1,59,0
DI,F,4,2,12,0
DI,F,4,4,183,0
DI,F,4,5,133,2
DI,F,4,6,182,2
DI,F,4,7,183,0
DI,F,4,8,66,0
DI,F,4,9,174,2
DI,F,4,10,202,1
DI,F,4,11,275,0
DI,F,4,12,258,1
DI,F,4,13,299,0
DI,F,4,14,364,2
DI,F,4,15,300,2
DI,F,4,16,245,1
DI,F,4,17,373,0
DI,F,4,18,453,1
DI,F,4,19,531,3
DI,F,4,20,633,1
DI,F,4,21,263,0
DI,F,4,22,452,2
DI,F,4,23,290,1
DI,F,4,24,315,3
DI,F,4,25,315,1
DI,F,4,26,395,2
DI,F,4,27,276,1
DI,F,4,28,174,0
DI,F,4,29,193,0
DI,F,4,30,3,0
DI,F,5,1,108,1
DI,F,5,2,26,0
DI,F,5,4,264,0
DI,F,5,5,271,1
DI,F,5,6,331,1
DI,F,5,7,270,4
DI,F,5,8,115,0
DI,F,5,9,313,2
DI,F,5,10,338,2
DI,F,5,11,529,3
DI,F,5,12,428,1
DI,F,5,13,480,4
DI,F,5,14,590,4
DI,F,5,15,539,6
DI,F,5,16,449,4
DI,F,5,17,622,1
DI,F,5,18,801,4
DI,F,5,19,876,4
DI,F,5,20,990,3
DI,F,5,21,468,3
DI,F,5,22,730,3
DI,F,5,23,526,3
DI,F,5,24,554,1
DI,F,5,25,569,3
DI,F,5,26,637,1
DI,F,5,27,441,3
DI,F,5,28,360,1
DI,F,5,29,345,1
DI,F,5,30,3,0
DI,F,6,1,210,0
DI,F,6,2,40,0
DI,F,6,4,518,3
DI,F,6,5,421,0
DI,F,6,6,554,1
DI,F,6,7,543,6
DI,F,6,8,182,1
DI,F,6,9,562,0
DI,F,6,10,603,2
DI,F,6,11,944,3
DI,F,6,12,759,4
DI,F,6,13,913,5
DI,F,6,14,1112,7
DI,F,6,15,880,4
DI,F,6,16,811,1
DI,F,6,17,1221,4
DI,F,6,18,1473,1
DI,F,6,19,1608,4
DI,F,6,20,1844,6
DI,F,6,21,808,5
DI,F,6,22,1338,9
DI,F,6,23,888,5
DI,F,6,24,923,5
DI,F,6,25,975,4
DI,F,6,26,1198,4
DI,F,6,27,839,2
DI,F,6,28,576,0
DI,F,6,29,603,3
DI,F,6,30,4,0
DI,F,U,1,376,4
DI,F,U,2,82,1
DI,F,U,4,1050,2
DI,F,U,5,887,2
DI,F,U,6,1067,1
DI,F,U,7,1046,3
DI,F,U,8,415,1
DI,F,U,9,1183,4
DI,F,U,10,1242,2
DI,F,U,11,1897,5
DI,F,U,12,1596,6
DI,F,U,13,1749,4
DI,F,U,14,2229,6
DI,F,U,15,1881,12
DI,F,U,16,1673,7
DI,F,U,17,2444,8
DI,F,U,18,2881,12
DI,F,U,19,3239,17
DI,F,U,20,3808,18
DI,F,U,21,1533,3
DI,F,U,22,2805,13
DI,F,U,23,1867,4
DI,F,U,24,2004,8
DI,F,U,25,1941,10
DI,F,U,26,2405,8
DI,F,U,27,1792,10
DI,F,U,28,1097,0
DI,F,U,29,1248,3
DI,F,U,30,11,0
DI,M,1,1,48,0
DI,M,1,2,3,0
DI,M,1,4,98,0
DI,M,1,5,74,0
DI,M,1,6,122,2
DI,M,1,7,96,0
DI,M,1,8,31,0
DI,M,1,9,103,0
DI,M,1,10,117,0
DI,M,1,11,173,1
DI,M,1,12,157,0
DI,M,1,13,173,1
DI,M,1,14,223,0
DI,M,1,15,182,1
DI,M,1,16,148,0
DI,M,1,17,222,0
DI,M,1,18,263,3
DI,M,1,19,315,0
DI,M,1,20,381,2
DI,M,1,21,138,0
DI,M,1,22,268,1
DI,M,1,23,176,0
DI,M,1,24,181,0
DI,M,1,25,179,2
DI,M,1,26,233,0
DI,M,1,27,167,1
DI,M,1,28,107,0
DI,M,1,29,131,1
DI,M,1,30,1,0
DI,M,2,1,47,0
DI,M,2,2,8,0
DI,M,2,4,90,0
DI,M,2,5,86,0
DI,M,2,6,118,0
DI,M,2,7,116,0
DI,M,2,8,45,0
DI,M,2,9,122,0
DI,M,2,10,109,1
DI,M,2,11,180,0
DI,M,2,12,167,1
DI,M,2,13,174,1
DI,M,2,14,223,2
DI,M,2,15,183,0
DI,M,2,16,170,0
DI,M,2,17,228,1
DI,M,2,18,319,0
DI,M,2,19,359,1
DI,M,2,20,360,2
DI,M,2,21,151,2
DI,M,2,22,304,0
DI,M,2,23,187,1
DI,M,2,24,218,0
DI,M,2,25,234,2
DI,M,2,26,254,0
DI,M,2,27,167,0
DI,M,2,28,119,1
DI,M,2,29,103,0
DI,M,2,30,1,0
DI,M,3,1,43,0
DI,M,3,2,7,0
DI,M,3,4,98,0
DI,M,3,5,73,0
DI,M,3,6,98,0
DI,M,3,7,86,0
DI,M,3,8,31,0
DI,M,3,9,97,0
DI,M,3,10,118,0
DI,M,3,11,165,0
DI,M,3,12,137,0
DI,M,3,13,150,2
DI,M,3,14,196,2
DI,M,3,15,154,0
DI,M,3,16,141,0
DI,M,3,17,191,1
DI,M,3,18,286,2
DI,M,3,19,262,1
DI,M,3,20,359,1
DI,M,3,21,135,0
DI,M,3,22,265,1
DI,M,3,23,156,1
DI,M,3,24,165,0
DI,M,3,25,168,0
DI,M,3,26,191,0
DI,M,3,27,126,0
DI,M,3,28,111,1
DI,M,3,29,99,1
DI,M,4,1,30,0
DI,M,4,2,6,0
DI,M,4,4,78,0
DI,M,4,5,69,0
DI,M,4,6,103,0
DI,M,4,7,83,0
DI,M,4,8,36,0
DI,M,4,9,98,0
DI,M,4,10,116,0
DI,M,4,11,145,0
DI,M,4,12,141,1
DI,M,4,13,162,0
DI,M,4,14,217,1
DI,M,4,15,168,0
DI,M,4,16,134,0
DI,M,4,17,194,0
DI,M,4,18,242,1
DI,M,4,19,243,5
DI,M,4,20,334,1
DI,M,4,21,119,0
DI,M,4,22,208,1
DI,M,4,23,169,0
DI,M,4,24,179,1
DI,M,4,25,159,0
DI,M,4,26,184,1
DI,M,4,27,139,2
DI,M,4,28,101,0
DI,M,4,29,108,0
DI,M,4,30,2,0
DI,M,5,1,61,0
DI,M,5,2,11,0
DI,M,5,4,146,0
DI,M,5,5,146,0
DI,M,5,6,161,1
DI,M,5,7,174,0
DI,M,5,8,51,0
DI,M,5,9,180,3
DI,M,5,10,187,1
DI,M,5,11,276,2
DI,M,5,12,241,1
DI,M,5,13,266,2
DI,M,5,14,351,1
DI,M,5,15,333,2
DI,M,5,16,272,0
DI,M,5,17,347,2
DI,M,5,18,416,1
DI,M,5,19,534,2
DI,M,5,20,597,1
DI,M,5,21,238,1
DI,M,5,22,422,3
DI,M,5,23,263,0
DI,M,5,24,329,0
DI,M,5,25,300,2
DI,M,5,26,346,2
DI,M,5,27,271,1
DI,M,5,28,178,1
DI,M,5,29,167,1
DI,M,5,30,4,0
DI,M,6,1,106,0
DI,M,6,2,38,0
DI,M,6,4,272,2
DI,M,6,5,217,0
DI,M,6,6,295,1
DI,M,6,7,299,2
DI,M,6,8,111,0
DI,M,6,9,328,3
DI,M,6,10,344,1
DI,M,6,11,509,2
DI,M,6,12,476,2
DI,M,6,13,477,4
DI,M,6,14,622,4
DI,M,6,15,479,1
DI,M,6,16,458,2
DI,M,6,17,652,2
DI,M,6,18,794,3
DI,M,6,19,887,1
DI,M,6,20,1059,4
DI,M,6,21,445,3
DI,M,6,22,779,2
DI,M,6,23,528,1
DI,M,6,24,570,2
DI,M,6,25,556,7
DI,M,6,26,650,0
DI,M,6,27,440,2
DI,M,6,28,312,2
DI,M,6,29,343,1
DI,M,6,30,1,0
DI,M,U,1,231,2
DI,M,U,2,50,0
DI,M,U,4,529,3
DI,M,U,5,468,1
DI,M,U,6,654,2
DI,M,U,7,563,3
DI,M,U,8,201,0
DI,M,U,9,662,0
DI,M,U,10,669,1
DI,M,U,11,1056,1
DI,M,U,12,937,3
DI,M,U,13,1050,6
DI,M,U,14,1267,8
DI,M,U,15,1038,4
DI,M,U,16,890,5
DI,M,U,17,1311,2
DI,M,U,18,1617,7
DI,M,U,19,1730,4
DI,M,U,20,2146,9
DI,M,U,21,832,4
DI,M,U,22,1544,8
DI,M,U,23,974,3
DI,M,U,24,1097,2
DI,M,U,25,1026,3
DI,M,U,26,1279,9
DI,M,U,27,894,4
DI,M,U,28,676,3
DI,M,U,29,669,1
DI,M,U,30,7,0
DI,U,1,1,60,0
DI,U,1,2,13,0
DI,U,1,4,180,0
DI,U,1,5,137,0
DI,U,1,6,178,2
DI,U,1,7,172,1
DI,U,1,8,59,0
DI,U,1,9,214,1
DI,U,1,10,221,0
DI,U,1,11,309,1
DI,U,1,12,279,1
DI,U,1,13,308,0
DI,U,1,14,363,0
DI,U,1,15,299,0
DI,U,1,16,264,0
DI,U,1,17,392,0
DI,U,1,18,499,0
DI,U,1,19,558,0
DI,U,1,20,684,4
DI,U,1,21,244,0
DI,U,1,22,453,2
DI,U,1,23,288,3
DI,U,1,24,334,3
DI,U,1,25,295,1
DI,U,1,26,400,0
DI,U,1,27,281,0
DI,U,1,28,217,1
DI,U,1,29,206,0
DI,U,1,30,3,0
DI,U,2,1,76,0
DI,U,2,2,10,0
DI,U,2,4,168,0
DI,U,2,5,153,1
DI,U,2,6,218,3
DI,U,2,7,187,0
DI,U,2,8,74,0
DI,U,2,9,195,2
DI,U,2,10,227,0
DI,U,2,11,303,1
DI,U,2,12,264,0
DI,U,2,13,323,5
DI,U,2,14,401,3
DI,U,2,15,328,0
DI,U,2,16,307,0
DI,U,2,17,423,0
DI,U,2,18,491,0
DI,U,2,19,555,0
DI,U,2,20,662,0
DI,U,2,21,294,0
DI,U,2,22,502,1
DI,U,2,23,294,2
DI,U,2,24,338,1
DI,U,2,25,346,1
DI,U,2,26,359,1
DI,U,2,27,273,0
DI,U,2,28,204,1
DI,U,2,29,213,1
DI,U,2,30,1,0
DI,U,3,1,65,0
DI,U,3,2,12,0
DI,U,3,4,165,0
DI,U,3,5,152,2
DI,U,3,6,160,2
DI,U,3,7,174,0
DI,U,3,8,68,1
DI,U,3,9,156,0
DI,U,3,10,163,0
DI,U,3,11,284,1
DI,U,3,12,229,0
DI,U,3,13,288,4
DI,U,3,14,312,1
DI,U,3,15,318,3
DI,U,3,16,239,2
DI,U,3,17,367,0
DI,U,3,18,463,1
DI,U,3,19,519,3
DI,U,3,20,595,2
DI,U,3,21,210,1
DI,U,3,22,433,3
DI,U,3,23,283,1
DI,U,3,24,314,1
DI,U,3,25,271,1
DI,U,3,26,322,0
DI,U,3,27,261,2
DI,U,3,28,156,1
DI,U,3,29,176,1
DI,U,3,30,2,0
DI,U,4,1,65,0
DI,U,4,2,9,0
DI,U,4,4,178,2
DI,U,4,5,113,0
DI,U,4,6,174,1
DI,U,4,7,147,0
DI,U,4,8,78,1
DI,U,4,9,170,0
DI,U,4,10,178,0
DI,U,4,11,284,1
DI,U,4,12,223,1
DI,U,4,13,299,1
DI,U,4,14,352,1
DI,U,4,15,309,2
DI,U,4,16,242,0
DI,U,4,17,374,2
DI,U,4,18,431,1
DI,U,4,19,513,0
DI,U,4,20,591,2
DI,U,4,21,228,1
DI,U,4,22,435,0
DI,U,4,23,288,0
DI,U,4,24,313,1
DI,U,4,25,290,2
DI,U,4,26,369,5
DI,U,4,27,262,1
DI,U,4,28,172,0
DI,U,4,29,177,2
DI,U,4,30,3,0
DI,U,5,1,111,0
DI,U,5,2,28,0
DI,U,5,4,247,2
DI,U,5,5,253,3
DI,U,5,6,278,1
DI,U,5,7,262,1
DI,U,5,8,92,0
DI,U,5,9,293,0
DI,U,5,10,348,1
DI,U,5,11,513,1
DI,U,5,12,376,1
DI,U,5,13,495,0
DI,U,5,14,567,4
DI,U,5,15,493,5
DI,U,5,16,433,1
DI,U,5,17,640,3
DI,U,5,18,758,4
DI,U,5,19,847,2
DI,U,5,20,1035,4
DI,U,5,21,418,2
DI,U,5,22,692,1
DI,U,5,23,529,0
DI,U,5,24,513,1
DI,U,5,25,480,2
DI,U,5,26,616,2
DI,U,5,27,431,2
DI,U,5,28,303,0
DI,U,5,29,334,1
DI,U,5,30,2,0
DI,U,6,1,208,0
DI,U,6,2,46,0
DI,U,6,4,459,2
DI,U,6,5,401,3
DI,U,6,6,592,1
DI,U,6,7,469,4
DI,U,6,8,181,1
DI,U,6,9,499,4
DI,U,6,10,590,3
DI,U,6,11,880,9
DI,U,6,12,712,3
DI,U,6,13,815,3
DI,U,6,14,1083,2
DI,U,6,15,904,5
DI,U,6,16,772,2
DI,U,6,17,1127,4
DI,U,6,18,1435,7
DI,U,6,19,1485,6
DI,U,6,20,1771,7
DI,U,6,21,769,3
DI,U,6,22,1282,6
DI,U,6,23,803,2
DI,U,6,24,911,8
DI,U,6,25,982,5
DI,U,6,26,1181,2
DI,U,6,27,776,2
DI,U,6,28,576,0
DI,U,6,29,617,2
DI,U,6,30,7,0
DI,U,U,1,373,2
DI,U,U,2,78,0
DI,U,U,4,971,5
DI,U,U,5,834,2
DI,U,U,6,1120,3
DI,U,U,7,1029,5
DI,U,U,8,373,0
DI,U,U,9,1079,6
DI,U,U,10,1138,5
DI,U,U,11,1766,7
DI,U,U,12,1471,4
DI,U,U,13,1711,9
DI,U,U,14,2081,8
DI,U,U,15,1766,5
DI,U,U,16,1649,2
DI,U,U,17,2210,11
DI,U,U,18,2681,16
DI,U,U,19,3089,12
DI,U,U,20,3673,9
DI,U,U,21,1485,5
DI,U,U,22,2669,10
DI,U,U,23,1737,6
DI,U,U,24,1923,6
DI,U,U,25,1842,3
DI,U,U,26,2256,9
DI,U,U,27,1599,1
DI,U,U,28,1101,7
DI,U,U,29,1199,3
DI,U,U,30,5,0
PD,F,1,1,118,0
PD,F,1,2,27,0
PD,F,1,4,333,3
PD,F,1,5,258,3
PD,F,1,6,352,2
PD,F,1,7,333,0
PD,F,1,8,113,0
PD,F,1,9,376,1
PD,F,1,10,376,1
PD,F,1,11,597,3
PD,F,1,12,487,1
PD,F,1,13,564,4
PD,F,1,14,729,1
PD,F,1,15,583,3
PD,F,1,16,510,0
PD,F,1,17,741,1
PD,F,1,18,917,4
PD,F,1,19,1050,3
PD,F,1,20,1192,6
PD,F,1,21,479,5
PD,F,1,22,824,5
PD,F,1,23,566,0
PD,F,1,24,607,4
PD,F,1,25,609,0
PD,F,1,26,703,6
PD,F,1,27,537,2
PD,F,1,28,362,1
PD,F,1,29,403,2
PD,F,1,30,4,0
PD,F,2,1,111,1
PD,F,2,2,33,0
PD,F,2,4,332,0
PD,F,2,5,268,1
PD,F,2,6,414,1
PD,F,2,7,371,4
PD,F,2,8,118,2
PD,F,2,9,319,4
PD,F,2,10,388,0
PD,F,2,11,611,2
PD,F,2,12,527,2
PD,F,2,13,611,2
PD,F,2,14,733,3
PD,F,2,15,594,6
PD,F,2,16,541,4
PD,F,2,17,789,4
PD,F,2,18,931,5
PD,F,2,19,1063,4
PD,F,2,20,1264,7
PD,F,2,21,516,3
PD,F,2,22,878,4
PD,F,2,23,571,4
PD,F,2,24,660,3
PD,F,2,25,652,1
PD,F,2,26,734,13
PD,F,2,27,574,3
PD,F,2,28,371,1
PD,F,2,29,398,1
PD,F,2,30,8,0
PD,F,3,1,113,1
PD,F,3,2,20,0
PD,F,3,4,300,0
PD,F,3,5,228,3
PD,F,3,6,294,1
PD,F,3,7,318,1
PD,F,3,8,109,1
PD,F,3,9,339,0
PD,F,3,10,335,2
PD,F,3,11,532,2
PD,F,3,12,433,2
PD,F,3,13,523,3
PD,F,3,14,639,3
PD,F,3,15,542,4
PD,F,3,16,438,3
PD,F,3,17,687,3
PD,F,3,18,803,4
PD,F,3,19,889,5
PD,F,3,20,1098,6
PD,F,3,21,386,3
PD,F,3,22,787,4
PD,F,3,23,512,4
PD,F,3,24,538,1
PD,F,3,25,541,1
PD,F,3,26,661,4
PD,F,3,27,495,2
PD,F,3,28,348,2
PD,F,3,29,338,2
PD,F,3,30,4,0
PD,F,4,1,138,0
PD,F,4,2,24,0
PD,F,4,4,269,3
PD,F,4,5,238,2
PD,F,4,6,314,1
PD,F,4,7,284,2
PD,F,4,8,106,2
PD,F,4,9,342,2
PD,F,4,10,341,1
PD,F,4,11,530,2
PD,F,4,12,474,1
PD,F,4,13,555,3
PD,F,4,14,668,4
PD,F,4,15,545,2
PD,F,4,16,441,2
PD,F,4,17,680,4
PD,F,4,18,865,7
PD,F,4,19,894,7
PD,F,4,20,1071,3
PD,F,4,21,417,3
PD,F,4,22,769,2
PD,F,4,23,526,7
PD,F,4,24,570,1
PD,F,4,25,570,4
PD,F,4,26,669,4
PD,F,4,27,469,4
PD,F,4,28,323,1
PD,F,4,29,357,2
PD,F,4,30,1,0
PD,F,5,1,197,0
PD,F,5,2,62,0
PD,F,5,4,478,2
PD,F,5,5,411,1
PD,F,5,6,572,7
PD,F,5,7,466,2
PD,F,5,8,193,3
PD,F,5,9,539,4
PD,F,5,10,570,9
PD,F,5,11,892,4
PD,F,5,12,811,3
PD,F,5,13,889,4
PD,F,5,14,1096,6
PD,F,5,15,933,5
PD,F,5,16,812,2
PD,F,5,17,1224,11
PD,F,5,18,1478,8
PD,F,5,19,1561,8
PD,F,5,20,1914,14
PD,F,5,21,725,0
PD,F,5,22,1415,5
PD,F,5,23,892,8
PD,F,5,24,1016,8
PD,F,5,25,930,2
PD,F,5,26,1193,5
PD,F,5,27,883,3
PD,F,5,28,594,3
PD,F,5,29,584,1
PD,F,5,30,3,0
PD,F,6,1,334,5
PD,F,6,2,68,0
PD,F,6,4,875,2
PD,F,6,5,738,5
PD,F,6,6,1075,5
PD,F,6,7,1003,2
PD,F,6,8,341,1
PD,F,6,9,1067,3
PD,F,6,10,1104,5
PD,F,6,11,1715,9
PD,F,6,12,1377,4
PD,F,6,13,1676,15
PD,F,6,14,2037,13
PD,F,6,15,1678,5
PD,F,6,16,1471,5
PD,F,6,17,2221,14
PD,F,6,18,2578,14
PD,F,6,19,2816,19
PD,F,6,20,3442,21
PD,F,6,21,1416,2
PD,F,6,22,2472,6
PD,F,6,23,1606,9
PD,F,6,24,1790,4
PD,F,6,25,1758,9
PD,F,6,26,2083,12
PD,F,6,27,1575,8
PD,F,6,28,1046,6
PD,F,6,29,1130,4
PD,F,6,30,13,0
PD,F,U,1,698,3
PD,F,U,2,154,0
PD,F,U,4,1807,12
PD,F,U,5,1578,8
PD,F,U,6,2109,8
PD,F,U,7,1885,14
PD,F,U,8,677,2
PD,F,U,9,2109,9
PD,F,U,10,2168,8
PD,F,U,11,3459,16
PD,F,U,12,2883,14
PD,F,U,13,3152,21
PD,F,U,14,3996,23
PD,F,U,15,3349,20
PD,F,U,16,2953,21
PD,F,U,17,4266,25
PD,F,U,18,5315,25
PD,F,U,19,5765,30
PD,F,U,20,7066,39
PD,F,U,21,2763,15
PD,F,U,22,5007,22
PD,F,U,23,3306,15
PD,F,U,24,3565,5
PD,F,U,25,3648,11
PD,F,U,26,4191,28
PD,F,U,27,3080,21
PD,F,U,28,1969,5
PD,F,U,29,2215,11
PD,F,U,30,19,0
PD,M,1,1,68,1
PD,M,1,2,16,0
PD,M,1,4,145,0
PD,M,1,5,140,0
PD,M,1,6,214,2
PD,M,1,7,201,1
PD,M,1,8,48,0
PD,M,1,9,202,1
PD,M,1,10,209,1
PD,M,1,11,327,2
PD,M,1,12,304,2
PD,M,1,13,291,2
PD,M,1,14,391,0
PD,M,1,15,337,0
PD,M,1,16,326,1
PD,M,1,17,402,1
PD,M,1,18,521,2
PD,M,1,19,561,5
PD,M,1,20,662,3
PD,M,1,21,242,1
PD,M,1,22,448,0
PD,M,1,23,313,1
PD,M,1,24,352,3
PD,M,1,25,325,1
PD,M,1,26,388,3
PD,M,1,27,290,1
PD,M,1,28,204,4
PD,M,1,29,208,1
PD,M,1,30,3,0
PD,M,2,1,79,0
PD,M,2,2,17,0
PD,M,2,4,179,2
PD,M,2,5,145,0
PD,M,2,6,211,1
PD,M,2,7,203,1
PD,M,2,8,53,1
PD,M,2,9,193,0
PD,M,2,10,232,0
PD,M,2,11,328,0
PD,M,2,12,308,3
PD,M,2,13,342,2
PD,M,2,14,416,3
PD,M,2,15,338,1
PD,M,2,16,296,2
PD,M,2,17,424,3
PD,M,2,18,547,2
PD,M,2,19,588,6
PD,M,2,20,696,4
PD,M,2,21,263,1
PD,M,2,22,548,2
PD,M,2,23,317,1
PD,M,2,24,381,1
PD,M,2,25,343,2
PD,M,2,26,416,1
PD,M,2,27,303,2
PD,M,2,28,203,2
PD,M,2,29,230,1
PD,M,3,1,65,0
PD,M,3,2,14,0
PD,M,3,4,149,1
PD,M,3,5,135,0
PD,M,3,6,198,0
PD,M,3,7,173,2
PD,M,3,8,67,0
PD,M,3,9,180,1
PD,M,3,10,183,0
PD,M,3,11,276,1
PD,M,3,12,272,1
PD,M,3,13,269,3
PD,M,3,14,372,0
PD,M,3,15,273,4
PD,M,3,16,240,0
PD,M,3,17,342,3
PD,M,3,18,391,2
PD,M,3,19,503,0
PD,M,3,20,611,5
PD,M,3,21,241,1
PD,M,3,22,445,3
PD,M,3,23,282,2
PD,M,3,24,313,0
PD,M,3,25,316,3
PD,M,3,26,384,4
PD,M,3,27,249,0
PD,M,3,28,197,1
PD,M,3,29,197,5
PD,M,3,30,2,0
PD,M,4,1,56,1
PD,M,4,2,17,0
PD,M,4,4,133,0
PD,M,4,5,134,1
PD,M,4,6,192,1
PD,M,4,7,142,1
PD,M,4,8,49,1
PD,M,4,9,184,1
PD,M,4,10,193,2
PD,M,4,11,273,1
PD,M,4,12,259,2
PD,M,4,13,287,1
PD,M,4,14,355,2
PD,M,4,15,297,2
PD,M,4,16,243,0
PD,M,4,17,382,1
PD,M,4,18,461,5
PD,M,4,19,542,8
PD,M,4,20,635,3
PD,M,4,21,241,2
PD,M,4,22,445,0
PD,M,4,23,330,1
PD,M,4,24,319,5
PD,M,4,25,346,3
PD,M,4,26,344,4
PD,M,4,27,277,4
PD,M,4,28,185,2
PD,M,4,29,169,0
PD,M,4,30,1,0
PD,M,5,1,97,1
PD,M,5,2,13,0
PD,M,5,4,245,1
PD,M,5,5,266,0
PD,M,5,6,356,6
PD,M,5,7,282,2
PD,M,5,8,98,0
PD,M,5,9,316,1
PD,M,5,10,317,3
PD,M,5,11,511,0
PD,M,5,12,397,1
PD,M,5,13,515,5
PD,M,5,14,644,3
PD,M,5,15,498,2
PD,M,5,16,467,2
PD,M,5,17,659,4
PD,M,5,18,851,3
PD,M,5,19,813,7
PD,M,5,20,1097,8
PD,M,5,21,420,1
PD,M,5,22,774,5
PD,M,5,23,521,3
PD,M,5,24,609,2
PD,M,5,25,534,4
PD,M,5,26,647,4
PD,M,5,27,488,0
PD,M,5,28,276,0
PD,M,5,29,356,4
PD,M,5,30,2,0
PD,M,6,1,221,0
PD,M,6,2,43,0
PD,M,6,4,511,2
PD,M,6,5,409,1
PD,M,6,6,565,5
PD,M,6,7,504,2
PD,M,6,8,195,1
PD,M,6,9,597,1
PD,M,6,10,643,1
PD,M,6,11,876,8
PD,M,6,12,793,6
PD,M,6,13,888,3
PD,M,6,14,1122,4
PD,M,6,15,924,5
PD,M,6,16,843,6
PD,M,6,17,1174,3
PD,M,6,18,1410,10
PD,M,6,19,1538,10
PD,M,6,20,1907,7
PD,M,6,21,772,5
PD,M,6,22,1360,8
PD,M,6,23,951,8
PD,M,6,24,1017,4
PD,M,6,25,981,3
PD,M,6,26,1069,5
PD,M,6,27,851,3
PD,M,6,28,593,0
PD,M,6,29,625,1
PD,M,6,30,3,0
PD,M,U,1,382,1
PD,M,U,2,83,1
PD,M,U,4,980,6
PD,M,U,5,881,3
PD,M,U,6,1149,3
PD,M,U,7,1040,9
PD,M,U,8,376,2
PD,M,U,9,1103,2
PD,M,U,10,1225,12
PD,M,U,11,1880,9
PD,M,U,12,1593,6
PD,M,U,13,1862,5
PD,M,U,14,2251,12
PD,M,U,15,1931,10
PD,M,U,16,1589,9
PD,M,U,17,2408,14
PD,M,U,18,2924,13
PD,M,U,19,3188,17
PD,M,U,20,3934,16
PD,M,U,21,1546,6
PD,M,U,22,2737,13
PD,M,U,23,1848,15
PD,M,U,24,1942,12
PD,M,U,25,1907,7
PD,M,U,26,2433,9
PD,M,U,27,1691,8
PD,M,U,28,1161,8
PD,M,U,29,1234,7
PD,M,U,30,14,0
PD,U,1,1,112,0
PD,U,1,2,20,0
PD,U,1,4,306,0
PD,U,1,5,258,0
PD,U,1,6,360,1
PD,U,1,7,311,1
PD,U,1,8,91,0
PD,U,1,9,318,0
PD,U,1,10,366,1
PD,U,1,11,576,3
PD,U,1,12,487,3
PD,U,1,13,530,6
PD,U,1,14,617,3
PD,U,1,15,541,3
PD,U,1,16,509,1
PD,U,1,17,738,2
PD,U,1,18,873,3
PD,U,1,19,959,4
PD,U,1,20,1125,4
PD,U,1,21,443,1
PD,U,1,22,906,4
PD,U,1,23,556,5
PD,U,1,24,565,5
PD,U,1,25,554,5
PD,U,1,26,719,0
PD,U,1,27,475,4
PD,U,1,28,335,2
PD,U,1,29,375,1
PD,U,1,30,2,0
PD,U,2,1,111,0
PD,U,2,2,11,0
PD,U,2,4,315,3
PD,U,2,5,273,2
PD,U,2,6,373,5
PD,U,2,7,333,3
PD,U,2,8,97,0
PD,U,2,9,350,0
PD,U,2,10,382,2
PD,U,2,11,569,0
PD,U,2,12,474,0
PD,U,2,13,536,4
PD,U,2,14,678,1
PD,U,2,15,558,2
PD,U,2,16,498,4
PD,U,2,17,767,3
PD,U,2,18,815,2
PD,U,2,19,1037,7
PD,U,2,20,1218,7
PD,U,2,21,435,1
PD,U,2,22,802,7
PD,U,2,23,540,2
PD,U,2,24,615,6
PD,U,2,25,586,3
PD,U,2,26,749,4
PD,U,2,27,521,3
PD,U,2,28,337,2
PD,U,2,29,389,0
PD,U,2,30,6,0
PD,U,3,1,110,0
PD,U,3,2,26,0
PD,U,3,4,272,1
PD,U,3,5,231,0
PD,U,3,6,293,2
PD,U,3,7,256,1
PD,U,3,8,110,0
PD,U,3,9,343,1
PD,U,3,10,332,2
PD,U,3,11,512,2
PD,U,3,12,387,5
PD,U,3,13,490,1
PD,U,3,14,615,3
PD,U,3,15,525,2
PD,U,3,16,472,2
PD,U,3,17,665,3
PD,U,3,18,790,5
PD,U,3,19,866,2
PD,U,3,20,1003,7
PD,U,3,21,411,0
PD,U,3,22,754,5
PD,U,3,23,526,3
PD,U,3,24,549,3
PD,U,3,25,521,3
PD,U,3,26,653,7
PD,U,3,27,444,6
PD,U,3,28,321,1
PD,U,3,29,314,0
PD,U,4,1,101,1
PD,U,4,2,21,0
PD,U,4,4,296,2
PD,U,4,5,235,0
PD,U,4,6,319,3
PD,U,4,7,275,1
PD,U,4,8,97,2
PD,U,4,9,312,1
PD,U,4,10,329,4
PD,U,4,11,523,1
PD,U,4,12,475,2
PD,U,4,13,511,4
PD,U,4,14,559,4
PD,U,4,15,527,1
PD,U,4,16,448,1
PD,U,4,17,607,4
PD,U,4,18,811,5
PD,U,4,19,839,2
PD,U,4,20,1057,2
PD,U,4,21,410,2
PD,U,4,22,705,3
PD,U,4,23,516,1
PD,U,4,24,551,3
PD,U,4,25,503,1
PD,U,4,26,590,3
PD,U,4,27,485,1
PD,U,4,28,331,1
PD,U,4,29,364,0
PD,U,4,30,3,0
PD,U,5,1,180,1
PD,U,5,2,39,0
PD,U,5,4,441,3
PD,U,5,5,385,0
PD,U,5,6,525,2
PD,U,5,7,521,1
PD,U,5,8,204,0
PD,U,5,9,532,2
PD,U,5,10,576,3
PD,U,5,11,925,4
PD,U,5,12,725,3
PD,U,5,13,865,6
PD,U,5,14,1063,5
PD,U,5,15,881,3
PD,U,5,16,784,4
PD,U,5,17,1133,7
PD,U,5,18,1393,8
PD,U,5,19,1537,6
PD,U,5,20,1881,7
PD,U,5,21,722,1
PD,U,5,22,1246,5
PD,U,5,23,917,5
PD,U,5,24,924,6
PD,U,5,25,897,4
PD,U,5,26,1097,2
PD,U,5,27,807,3
PD,U,5,28,571,0
PD,U,5,29,589,3
PD,U,5,30,9,0
PD,U,6,1,336,2
PD,U,6,2,80,0
PD,U,6,4,828,2
PD,U,6,5,715,4
PD,U,6,6,983,5
PD,U,6,7,946,4
PD,U,6,8,330,0
PD,U,6,9,972,5
PD,U,6,10,1012,5
PD,U,6,11,1651,5
PD,U,6,12,1331,2
PD,U,6,13,1577,7
PD,U,6,14,1918,8
PD,U,6,15,1505,7
PD,U,6,16,1398,3
PD,U,6,17,2022,11
PD,U,6,18,2520,18
PD,U,6,19,2825,13
PD,U,6,20,3275,13
PD,U,6,21,1343,3
PD,U,6,22,2289,8
PD,U,6,23,1559,7
PD,U,6,24,1793,15
PD,U,6,25,1622,3
PD,U,6,26,2001,14
PD,U,6,27,1468,6
PD,U,6,28,998,7
PD,U,6,29,1086,8
PD,U,6,30,6,0
PD,U,U,1,699,5
PD,U,U,2,149,1
PD,U,U,4,1723,14
PD,U,U,5,1427,5
PD,U,U,6,2029,8
PD,U,U,7,1836,10
PD,U,U,8,678,4
PD,U,U,9,2047,9
PD,U,U,10,2156,8
PD,U,U,11,3237,10
PD,U,U,12,2624,10
PD,U,U,13,3141,17
PD,U,U,14,3895,22
PD,U,U,15,3178,22
PD,U,U,16,2851,12
PD,U,U,17,4254,25
PD,U,U,18,4952,22
PD,U,U,19,5531,39
PD,U,U,20,6629,38
PD,U,U,21,2594,4
PD,U,U,22,4660,13
PD,U,U,23,3162,15
PD,U,U,24,3437,15
PD,U,U,25,3335,18
PD,U,U,26,3968,18
PD,U,U,27,2870,18
PD,U,U,28,1963,9
PD,U,U,29,2148,7
PD,U,U,30,13,0
R,F,1,1,4,0
R,F,1,2,1,0
R,F,1,4,6,0
R,F,1,5,8,0
R,F,1,6,9,0
R,F,1,7,6,1
R,F,1,8,6,0
R,F,1,9,3,0
R,F,1,10,13,0
R,F,1,11,14,0
R,F,1,12,7,0
R,F,1,13,11,0
R,F,1,14,7,1
R,F,1,15,14,0
R,F,1,16,10,0
R,F,1,17,17,0
R,F,1,18,27,0
R,F,1,19,17,0
R,F,1,20,27,0
R,F,1,21,9,1
R,F,1,22,18,1
R,F,1,23,14,0
R,F,1,24,18,0
R,F,1,25,16,0
R,F,1,26,23,0
R,F,1,27,11,0
R,F,1,28,5,0
R,F,1,29,8,0
R,F,2,1,3,0
R,F,2,4,6,0
R,F,2,5,4,0
R,F,2,6,6,0
R,F,2,7,5,0
R,F,2,8,1,0
R,F,2,9,7,0
R,F,2,10,10,0
R,F,2,11,19,1
R,F,2,12,10,0
R,F,2,13,18,0
R,F,2,14,13,0
R,F,2,15,12,0
R,F,2,16,12,0
R,F,2,17,8,0
R,F,2,18,24,0
R,F,2,19,28,0
R,F,2,20,31,1
R,F,2,21,7,0
R,F,2,22,13,0
R,F,2,23,11,0
R,F,2,24,16,0
R,F,2,25,14,0
R,F,2,26,19,0
R,F,2,27,12,0
R,F,2,28,7,0
R,F,2,29,7,0
R,F,3,1,2,0
R,F,3,2,1,0
R,F,3,4,3,0
R,F,3,5,2,0
R,F,3,6,7,0
R,F,3,7,8,0
R,F,3,8,1,0
R,F,3,9,10,0
R,F,3,10,11,0
R,F,3,11,17,0
R,F,3,12,8,0
R,F,3,13,11,0
R,F,3,14,10,0
R,F,3,15,12,0
R,F,3,16,7,0
R,F,3,17,12,0
R,F,3,18,22,0
R,F,3,19,22,0
R,F,3,20,26,0
R,F,3,21,11,0
R,F,3,22,17,0
R,F,3,23,12,0
R,F,3,24,13,0
R,F,3,25,18,0
R,F,3,26,22,0
R,F,3,27,11,0
R,F,3,28,3,0
R,F,3,29,9,0
R,F,4,1,5,0
R,F,4,2,1,0
R,F,4,4,10,1
R,F,4,5,7,0
R,F,4,6,9,0
R,F,4,7,5,0
R,F,4,8,2,0
R,F,4,9,1,0
R,F,4,10,6,0
R,F,4,11,10,0
R,F,4,12,7,0
R,F,4,13,3,0
R,F,4,14,19,0
R,F,4,15,14,0
R,F,4,16,14,0
R,F,4,17,18,0
R,F,4,18,14,0
R,F,4,19,21,0
R,F,4,20,25,1
R,F,4,21,12,0
R,F,4,22,16,0
R,F,4,23,15,0
R,F,4,24,14,0
R,F,4,25,10,0
R,F,4,26,14,0
R,F,4,27,19,0
R,F,4,28,6,0
R,F,4,29,8,0
R,F,5,1,3,0
R,F,5,4,7,0
R,F,5,5,6,0
R,F,5,6,8,0
R,F,5,7,10,0
R,F,5,8,5,0
R,F,5,9,10,0
R,F,5,10,14,0
R,F,5,11,23,0
R,F,5,12,18,0
R,F,5,13,20,0
R,F,5,14,19,0
R,F,5,15,15,0
R,F,5,16,20,0
R,F,5,17,22,0
R,F,5,18,26,1
R,F,5,19,38,0
R,F,5,20,39,0
R,F,5,21,18,0
R,F,5,22,32,0
R,F,5,23,23,0
R,F,5,24,26,0
R,F,5,25,28,0
R,F,5,26,28,0
R,F,5,27,15,0
R,F,5,28,12,0
R,F,5,29,14,0
R,F,6,1,5,0
R,F,6,2,1,0
R,F,6,4,19,0
R,F,6,5,13,0
R,F,6,6,19,1
R,F,6,7,20,1
R,F,6,8,8,0
R,F,6,9,24,0
R,F,6,10,25,0
R,F,6,11,36,0
R,F,6,12,27,0
R,F,6,13,38,0
R,F,6,14,37,1
R,F,6,15,34,1
R,F,6,16,32,0
R,F,6,17,52,2
R,F,6,18,45,1
R,F,6,19,54,2
R,F,6,20,70,0
R,F,6,21,37,0
R,F,6,22,48,1
R,F,6,23,26,0
R,F,6,24,23,0
R,F,6,25,39,0
R,F,6,26,35,1
R,F,6,27,30,0
R,F,6,28,22,0
R,F,6,29,26,0
R,F,U,1,16,0
R,F,U,2,5,0
R,F,U,4,46,1
R,F,U,5,25,0
R,F,U,6,37,0
R,F,U,7,32,0
R,F,U,8,17,1
R,F,U,9,50,0
R,F,U,10,35,2
R,F,U,11,77,0
R,F,U,12,61,0
R,F,U,13,63,0
R,F,U,14,69,0
R,F,U,15,81,0
R,F,U,16,60,1
R,F,U,17,92,1
R,F,U,18,97,1
R,F,U,19,121,2
R,F,U,20,145,0
R,F,U,21,55,0
R,F,U,22,107,1
R,F,U,23,72,3
R,F,U,24,73,2
R,F,U,25,84,1
R,F,U,26,98,0
R,F,U,27,59,0
R,F,U,28,46,1
R,F,U,29,49,2
R,M,1,4,3,0
R,M,1,5,2,0
R,M,1,6,3,0
R,M,1,7,3,0
R,M,1,8,2,0
R,M,1,9,8,0
R,M,1,10,2,0
R,M,1,11,12,0
R,M,1,12,6,0
R,M,1,13,8,0
R,M,1,14,11,1
R,M,1,15,5,0
R,M,1,16,5,0
R,M,1,17,11,0
R,M,1,18,11,0
R,M,1,19,13,0
R,M,1,20,8,0
R,M,1,21,5,0
R,M,1,22,11,0
R,M,1,23,9,0
R,M,1,24,9,1
R,M,1,25,5,0
R,M,1,26,9,0
R,M,1,27,10,0
R,M,1,28,6,0
R,M,1,29,5,0
R,M,2,4,4,1
R,M,2,5,4,0
R,M,2,6,2,0
R,M,2,7,5,0
R,M,2,8,2,0
R,M,2,9,7,1
R,M,2,10,2,0
R,M,2,11,10,0
R,M,2,12,6,0
R,M,2,13,10,0
R,M,2,14,5,0
R,M,2,15,7,0
R,M,2,16,7,0
R,M,2,17,7,0
R,M,2,18,10,0
R,M,2,19,13,0
R,M,2,20,21,0
R,M,2,21,7,0
R,M,2,22,12,0
R,M,2,23,8,0
R,M,2,24,4,0
R,M,2,25,8,0
R,M,2,26,9,0
R,M,2,27,7,0
R,M,2,28,5,0
R,M,2,29,7,0
R,M,3,2,1,0
R,M,3,4,3,0
R,M,3,5,4,0
R,M,3,6,5,0
R,M,3,7,5,0
R,M,3,8,4,0
R,M,3,9,4,0
R,M,3,10,6,0
R,M,3,11,5,0
R,M,3,12,3,0
R,M,3,13,9,0
R,M,3,14,6,0
R,M,3,15,6,0
R,M,3,16,3,0
R,M,3,17,11,0
R,M,3,18,12,0
R,M,3,19,6,0
R,M,3,20,11,0
R,M,3,21,5,0
R,M,3,22,10,0
R,M,3,23,9,0
R,M,3,24,10,0
R,M,3,25,2,0
R,M,3,26,6,0
R,M,3,27,9,0
R,M,3,28,2,0
R,M,3,29,2,0
R,M,4,2,1,0
R,M,4,4,2,0
R,M,4,5,1,0
R,M,4,6,6,0
R,M,4,7,6,0
R,M,4,8,3,0
R,M,4,9,3,0
R,M,4,10,5,0
R,M,4,11,5,0
R,M,4,12,3,0
R,M,4,13,9,0
R,M,4,14,11,0
R,M,4,15,4,0
R,M,4,16,4,1
R,M,4,17,5,0
R,M,4,18,10,0
R,M,4,19,6,0
R,M,4,20,6,0
R,M,4,21,5,0
R,M,4,22,8,0
R,M,4,23,4,0
R,M,4,24,11,0
R,M,4,25,8,0
R,M,4,26,9,0
R,M,4,27,4,0
R,M,4,28,4,0
R,M,4,29,3,0
R,M,5,1,3,0
R,M,5,4,7,0
R,M,5,5,1,0
R,M,5,6,10,0
R,M,5,7,6,0
R,M,5,8,4,0
R,M,5,9,9,0
R,M,5,10,6,0
R,M,5,11,7,0
R,M,5,12,10,0
R,M,5,13,12,0
R,M,5,14,9,0
R,M,5,15,16,0
R,M,5,16,7,1
R,M,5,17,14,0
R,M,5,18,12,0
R,M,5,19,15,2
R,M,5,20,21,0
R,M,5,21,7,0
R,M,5,22,13,0
R,M,5,23,8,0
R,M,5,24,10,0
R,M,5,25,9,0
R,M,5,26,15,2
R,M,5,27,5,0
R,M,5,28,9,0
R,M,5,29,8,0
R,M,6,1,4,0
R,M,6,2,1,0
R,M,6,4,10,0
R,M,6,5,3,0
R,M,6,6,10,0
R,M,6,7,10,0
R,M,6,8,3,0
R,M,6,9,11,0
R,M,6,10,21,0
R,M,6,11,19,0
R,M,6,12,24,0
R,M,6,13,16,0
R,M,6,14,25,0
R,M,6,15,21,0
R,M,6,16,16,0
R,M,6,17,24,0
R,M,6,18,38,0
R,M,6,19,37,0
R,M,6,20,51,0
R,M,6,21,15,0
R,M,6,22,25,0
R,M,6,23,13,0
R,M,6,24,15,0
R,M,6,25,14,0
R,M,6,26,29,0
R,M,6,27,16,0
R,M,6,28,10,0
R,M,6,29,11,1
R,M,6,30,2,0
R,M,U,1,9,0
R,M,U,2,1,0
R,M,U,4,21,0
R,M,U,5,17,0
R,M,U,6,17,0
R,M,U,7,24,1
R,M,U,8,6,0
R,M,U,9,27,0
R,M,U,10,32,0
R,M,U,11,34,1
R,M,U,12,30,0
R,M,U,13,37,0
R,M,U,14,40,0
R,M,U,15,42,0
R,M,U,16,35,0
R,M,U,17,39,0
R,M,U,18,62,0
R,M,U,19,52,1
R,M,U,20,83,0
R,M,U,21,40,0
R,M,U,22,61,0
R,M,U,23,39,0
R,M,U,24,47,2
R,M,U,25,32,0
R,M,U,26,54,0
R,M,U,27,38,0
R,M,U,28,27,1
R,M,U,29,34,0
R,U,1,1,4,0
R,U,1,4,10,0
R,U,1,5,5,1
R,U,1,6,8,0
R,U,1,7,6,0
R,U,1,9,8,0
R,U,1,10,4,0
R,U,1,11,11,0
R,U,1,12,9,0
R,U,1,13,16,0
R,U,1,14,20,0
R,U,1,15,11,0
R,U,1,16,14,0
R,U,1,17,20,0
R,U,1,18,19,0
R,U,1,19,25,0
R,U,1,20,36,1
R,U,1,21,2,0
R,U,1,22,18,0
R,U,1,23,9,0
R,U,1,24,12,0
R,U,1,25,13,0
R,U,1,26,16,0
R,U,1,27,10,0
R,U,1,28,9,0
R,U,1,29,7,0
R,U,2,1,3,0
R,U,2,4,3,0
R,U,2,5,10,0
R,U,2,6,7,0
R,U,2,7,4,0
R,U,2,8,4,0
R,U,2,9,7,0
R,U,2,10,3,0
R,U,2,11,9,0
R,U,2,12,10,0
R,U,2,13,6,0
R,U,2,14,15,0
R,U,2,15,9,0
R,U,2,16,19,0
R,U,2,17,12,0
R,U,2,18,15,0
R,U,2,19,21,0
R,U,2,20,25,0
R,U,2,21,9,0
R,U,2,22,17,0
R,U,2,23,16,0
R,U,2,24,12,0
R,U,2,25,18,0
R,U,2,26,14,0
R,U,2,27,9,0
R,U,2,28,7,0
R,U,2,29,2,0
R,U,3,1,6,0
R,U,3,2,1,0
R,U,3,4,5,0
R,U,3,5,6,0
R,U,3,6,9,0
R,U,3,7,2,0
R,U,3,8,1,0
R,U,3,9,9,0
R,U,3,10,5,0
R,U,3,11,11,0
R,U,3,12,10,0
R,U,3,13,8,0
R,U,3,14,11,0
R,U,3,15,14,0
R,U,3,16,6,0
R,U,3,17,16,1
R,U,3,18,16,0
R,U,3,19,18,0
R,U,3,20,8,0
R,U,3,21,7,0
R,U,3,22,16,0
R,U,3,23,15,2
R,U,3,24,12,0
R,U,3,25,10,0
R,U,3,26,13,0
R,U,3,27,13,0
R,U,3,28,9,0
R,U,3,29,5,0
R,U,4,1,1,0
R,U,4,4,9,0
R,U,4,5,4,0
R,U,4,6,9,0
R,U,4,7,8,0
R,U,4,8,3,0
R,U,4,9,7,0
R,U,4,10,7,0
R,U,4,11,14,0
R,U,4,12,6,0
R,U,4,13,12,0
R,U,4,14,12,0
R,U,4,15,15,0
R,U,4,16,9,0
R,U,4,17,16,0
R,U,4,18,26,0
R,U,4,19,27,0
R,U,4,20,25,1
R,U,4,21,15,0
R,U,4,22,14,0
R,U,4,23,9,0
R,U,4,24,8,0
R,U,4,25,18,0
R,U,4,26,14,0
R,U,4,27,14,1
R,U,4,28,8,0
R,U,4,29,5,0
R,U,5,1,4,0
R,U,5,4,9,1
R,U,5,5,11,0
R,U,5,6,10,0
R,U,5,7,12,0
R,U,5,8,7,0
R,U,5,9,13,0
R,U,5,10,7,0
R,U,5,11,19,0
R,U,5,12,10,0
R,U,5,13,17,0
R,U,5,14,18,0
R,U,5,15,22,0
R,U,5,16,9,0
R,U,5,17,22,0
R,U,5,18,25,1
R,U,5,19,39,1
R,U,5,20,29,0
R,U,5,21,12,0
R,U,5,22,31,1
R,U,5,23,28,0
R,U,5,24,25,0
R,U,5,25,15,1
R,U,5,26,23,0
R,U,5,27,15,0
R,U,5,28,8,0
R,U,5,29,15,0
R,U,5,30,1,0
R,U,6,1,12,0
R,U,6,2,1,0
R,U,6,4,15,0
R,U,6,5,9,0
R,U,6,6,34,0
R,U,6,7,18,1
R,U,6,8,8,0
R,U,6,9,22,0
R,U,6,10,16,1
R,U,6,11,27,0
R,U,6,12,24,1
R,U,6,13,25,0
R,U,6,14,40,0
R,U,6,15,32,0
R,U,6,16,27,0
R,U,6,17,37,2
R,U,6,18,50,0
R,U,6,19,50,0
R,U,6,20,85,1
R,U,6,21,26,0
R,U,6,22,55,1
R,U,6,23,28,0
R,U,6,24,37,0
R,U,6,25,32,0
R,U,6,26,33,1
R,U,6,27,27,0
R,U,6,28,25,0
R,U,6,29,19,0
R,U,U,1,22,0
R,U,U,2,1,0
R,U,U,4,24,0
R,U,U,5,21,0
R,U,U,6,58,0
R,U,U,7,44,0
R,U,U,8,16,1
R,U,U,9,40,1
R,U,U,10,47,1
R,U,U,11,75,0
R,U,U,12,66,0
R,U,U,13,72,1
R,U,U,14,89,2
R,U,U,15,45,2
R,U,U,16,49,0
R,U,U,17,95,2
R,U,U,18,120,1
R,U,U,19,116,1
R,U,U,20,147,5
R,U,U,21,51,0
R,U,U,22,96,0
R,U,U,23,60,0
R,U,U,24,89,2
R,U,U,25,64,0
R,U,U,26,95,1
R,U,U,27,49,1
R,U,U,28,43,0
R,U,U,29,48,1
